{
  "ElementType": "Rectangle",
  "Width": 0.11407522963970819,
  "Height": 0.06389057230561393,
  "Radius": 0,
  "Angle": -1.4733131083524897,
  "CenterX": -0.002803026588866392,
  "CenterY": 0.04309707296849959,
  "Rmse": 0.014535930939018726,
  "PointsCount": 444
}