{
  "ElementType": "Cylinder",
  "Width": 0.045954749873452654,
  "Height": 0.045954749873452654,
  "Radius": 0.022977374936726327,
  "Angle": 0,
  "CenterX": -0.005340207278585205,
  "CenterY": 0.016490014717699245,
  "Rmse": 0.0021581741111302557,
  "PointsCount": 104
}